config_name,config_number,learning_rate,batch_size,epochs,weight_decay,val_accuracy,val_precision,val_recall,val_f1,val_loss,training_time_minutes
config_2_higher_lr,2,3e-05,16,3,0.01,0.809,0.8113142623229465,0.809,0.8099604888488555,0.5538614392280579,53.15228458333333
config_5_lower_weight_decay,5,2e-05,16,3,0.001,0.8088333333333333,0.8108153320165838,0.8088333333333333,0.8096814086875266,0.47602009773254395,53.13480325
config_1_default,1,2e-05,16,3,0.01,0.8085,0.8060444407433861,0.8085,0.8059008872217761,0.4643556773662567,53.12190065
config_4_larger_batch,4,2e-05,32,3,0.01,0.8085,0.807434092688246,0.8085,0.8074757725637267,0.46872493624687195,52.669848216666665
config_3_lower_lr_more_epochs,3,1e-05,16,5,0.01,0.807,0.8088743058451916,0.807,0.807789366574518,0.5327082276344299,88.56759691666666
