Class,Precision,Recall,F1-Score,Support
Negative,0.8565816727376616,0.7995333333333333,0.827074928450743,15000
Neutral,0.7147429862549426,0.7592,0.7363010377266996,15000
Positive,0.8731581043409,0.877,0.8750748353622032,15000
