semantic_similarity_score,sentiment_weight,accuracy
0.0,1.0,0.6478639100988707
0.1,0.9,0.6540719136595726
0.2,0.8,0.657538810869058
0.30000000000000004,0.7,0.6620571345090865
0.4,0.6,0.6628390928109487
0.5,0.5,0.6649665762980779
0.6000000000000001,0.3999999999999999,0.6660540322462717
0.7000000000000001,0.29999999999999993,0.6670736536383629
0.8,0.19999999999999996,0.6707306707898776
0.9,0.09999999999999998,0.5808964058756828
1.0,0.0,0.5521316642562548
